Nr,Station,Ort,Latitude,Longitude,Erklärung
1,Main Tower,Frankfurt – Main Tower,50.1096,8.6724,"Der Main Tower in Frankfurt am Main ist ein 200 Meter hoher Wolkenkratzer mit öffentlich zugänglicher Aussichtsplattform. Das 2000 eröffnete Hochhaus prägt mit seiner Glasfassade die Frankfurter Skyline und zählt zu den höchsten Gebäuden Deutschlands; von 198 Metern Höhe genießt man einen Rundblick über die Stadt."
2,Finanzmetropole,Frankfurt – Römer,50.1106,8.6821,"Frankfurt am Main zählt als Finanzmetropole zu den wichtigsten Bankenstandorten Europas. Sitz der Europäischen Zentralbank und zahlreicher Großbanken, verleiht die Skyline mit den meisten Wolkenkratzern Deutschlands der Stadt den Spitznamen „Mainhattan“."
3,Kurtradition,Wiesbaden – Kurhaus,50.0826,8.2435,"Wiesbaden gilt seit dem 19. Jahrhundert als mondäne Kurstadt. Das neoklassizistische Kurhaus von 1907, Thermalquellen und weitläufige Kurparks spiegeln bis heute die historische Wellness-Kultur wider."
4,Johannes Gutenberg,Mainz – Gutenberg-Museum,49.9983,8.2711,"Johannes Gutenberg revolutionierte um 1450 in Mainz den Buchdruck mit beweglichen Lettern. Das Gutenberg-Museum zeigt u. a. zwei Gutenberg-Bibeln und demonstriert an historischen Pressen die Technik, die das Lesen weltweit veränderte."
5,Weinfest,Rüdesheim – Drosselgasse,49.9992,7.9433,"Die Drosselgasse in Rüdesheim ist eine 144 Meter lange Fachwerkgasse voller Weinstuben. Ihre Weinfeste mit Live-Musik repräsentieren die gesellige Rheingauer Weinkultur."
6,Helene Fischer,Wöllstein – Geburtsort,49.804,7.967,"Helene Fischer (*1984) wuchs in Wöllstein auf und wurde zur erfolgreichsten deutschen Schlagersängerin. Hits wie „Atemlos durch die Nacht“ und zahlreiche Auszeichnungen prägen ihre Karriere."
7,Loreley,St. Goar – Loreleyfelsen,50.1389,7.7089,"Der 132 Meter hohe Loreley-Felsen am Rhein ist sagenumwoben: Eine Nixe soll mit ihrem Gesang Schiffer ins Verderben gelockt haben. Heute ist der Aussichtspunkt Teil des UNESCO-Welterbes Oberes Mittelrheintal."
8,Weinbau,Boppard – Rheinschleife,50.1172,7.6071,"An der Rheinschleife bei Boppard wachsen auf steilen Schieferhängen Riesling-Reben. Der Bopparder Hamm dokumentiert seit Jahrhunderten die Weinbautradition des Mittelrheins."
9,Deutsches Eck,Koblenz – Deutsches Eck,50.3569,7.5881,"Am Deutschen Eck fließen Mosel und Rhein zusammen. Das Reiterstandbild Kaiser Wilhelms I. (1897) erinnert an die Reichsgründung und wurde nach 1945 zum Symbol der deutschen Einheit."
10,Autobahn Erlebnis,Nürburgring – GP-Strecke,50.3341,6.9476,"Deutschlands Autobahnen sind für fehlende Tempolimits bekannt. Auf der Nordschleife des Nürburgrings können Fahrer Hochgeschwindigkeit legal erleben – ein kontrolliertes Pendant zum Autobahnrausch."
11,Beethoven,Bonn – Beethoven-Haus,50.7368,7.101,"Ludwig van Beethoven (1770–1827) wurde in Bonn geboren. Sein Geburtshaus bewahrt Originalinstrumente und Handschriften des Komponisten, dessen Werke die klassische Musik bis heute prägen."
12,Kölner Karneval,Köln – Alter Markt,50.9403,6.957,"Der Kölner Karneval, seit 1823 organisiert, verwandelt die Stadt vom 11. 11. bis Aschermittwoch in ein buntes Volksfest. Höhepunkt ist der Rosenmontagszug mit Hunderttausenden kostümierten Jecken."
13,Konrad Adenauer,Köln – Adenauer-Haus,50.9413,6.9583,"Konrad Adenauer (1876–1967) war Kölner Oberbürgermeister und erster Bundeskanzler der Bundesrepublik. Sein Wohnhaus in Rhöndorf erzählt von seinem Einsatz für Wiederaufbau und Westbindung."
14,Neandertaler Fund,Mettmann – Neanderthal Museum,51.2275,6.937,"Der 1856 gefundene Neandertaler-Schädel revolutionierte das Verständnis menschlicher Evolution. Das Neanderthal Museum veranschaulicht die Geschichte unserer fossilen Verwandten."
15,Rheinmetropole,Düsseldorf – Rheinturm,51.2277,6.7735,"Düsseldorf verbindet Altstadt, Mode- und Messekultur mit moderner Architektur im Medienhafen. Der Rheinturm bietet einen Panoramablick auf die Rheinmetropole und ihre Kunst- und Shopping-Szene."
16,Stahl & Kultur,Duisburg – Innenhafen,51.4344,6.7573,"Der Duisburger Innenhafen, einst Speicher- und Handelshafen, wurde zum Kultur- und Büroquartier umgestaltet. Restaurierte Speicher und Museen zeigen den erfolgreichen Strukturwandel von Stahl zu Kultur."
17,Ruhrindustrie,Essen – Zeche Zollverein,51.4839,7.0226,"Die stillgelegte Zeche Zollverein, ein Bauhaus-Industrie-Ensemble, ist UNESCO-Welterbe. Ausstellungen und Events lassen die Bergbaugeschichte des Ruhrgebiets lebendig werden."
18,UNESCO Zollverein,Essen – Kokerei Zollverein,51.49,7.0375,"Die Kokerei Zollverein verarbeitete bis 1993 Kohle zu Koks und ist heute Teil des Weltkulturerbes. Besucher erkunden Fördertürme, Öfen und Aussichtsplattformen eines herausragenden Industriedenkmals."
19,Fußball Bundesliga,Dortmund – Signal Iduna Park,51.4925,7.4517,"Borussia Dortmunds Stadion mit der legendären „Gelben Wand“ steht für die Fankultur der Fußball-Bundesliga, die seit 1963 Millionen begeistert."
20,Westfälische Fachwerkstadt,Münster – Prinzipalmarkt,51.9628,7.6254,"Münsters Prinzipalmarkt mit Giebelhäusern und Arkaden, Rathaus und Lambertikirche vereint mittelalterliche Baukunst und Wiederaufbau. Fahrräder und Friedensgeschichte prägen das Stadtbild."
21,Teutoburger Wald,Bielefeld – Sparrenburg,52.0302,8.5325,"Die mittelalterliche Sparrenburg überragt Bielefeld am Rand des Teutoburger Waldes, der durch die Varusschlacht (9 n. Chr.) historisch bekannt ist."
22,Moderne Stadt,Hannover – Neues Rathaus,52.3759,9.732,"Hannovers wilhelminisches Neues Rathaus (1913) symbolisiert den Wiederaufbau der Stadt, die heute Messestandort und grüne Großstadt mit den Herrenhäuser Gärten ist."
23,Hannah Arendt,Hannover – H.-Arendt-Platz,52.3759,9.732,"Die politische Theoretikerin Hannah Arendt (1906–1975) wurde in Hannover geboren. Der Hannah-Arendt-Platz mahnt an Demokratie, Freiheit und Verantwortung."
24,Expo 2000,Hannover – Expo-Park,52.3728,9.7441,"Die Expo 2000 war die erste Weltausstellung in Deutschland. Pavillons und Neubauten im Expo-Park erinnern an innovative Konzepte zu Mensch, Natur und Technik."
25,Schloss Herrenhausen,Hannover – Herrenhausen,52.3909,9.7335,"Das rekonstruierte Schloss Herrenhausen liegt inmitten der berühmten barocken Herrenhäuser Gärten mit Wasserspielen und Botanischem Berggarten."
26,Braunschweig – Schloss,Braunschweig – Schloss,52.2689,10.5268,"Die Fassade des im Krieg zerstörten Welfenschlosses wurde 2007 vor ein modernes Einkaufs- und Kulturzentrum gesetzt – ein Beispiel für Tradition im neuen Gewand."
27,Planetarium,Wolfsburg – Phaeno,52.4224,10.7864,"Das von Zaha Hadid entworfene Phaeno Science Center inszeniert Naturphänomene interaktiv. Es ergänzt Wolfsburgs Autostadt und die VW-Historie um Wissenschaftserlebnisse."
28,Volkswagen-Gründung,Wolfsburg – Autostadt,52.4225,10.7864,"1938 als Standort für den VW-Käfer gegründet, erzählt Wolfsburgs Autostadt mit Pavillons und Oldtimern die Geschichte des Konzerns und des Automobils."
29,Harz & Bergbau,Goslar – Altstadt,51.9045,10.4297,"Die Fachwerk-Altstadt Goslars und das Erzbergwerk Rammelsberg bilden ein gemeinsames UNESCO-Welterbe: ein Jahrtausend Harzer Erzbergbau trifft mittelalterliche Kaiserstadt."
30,Universitätsstadt,Göttingen – Gänseliesel,51.5403,9.9357,"Seit 1737 prägt die Universität Göttingen die Stadt. Der Gänseliesel-Brunnen gilt als „meistgeküsstes Mädchen der Welt“, denn frisch promovierte Doktoranden küssen die Statue."
31,Brüder Grimm,Kassel – Grimm-Museum,51.3155,9.4962,"In Kassel sammelten Jacob und Wilhelm Grimm ihre weltberühmten Märchen. Die Grimmwelt präsentiert Manuskripte und sprachwissenschaftliches Erbe."
32,Documenta,Kassel – Friedrichsplatz,51.3118,9.497,"Die alle fünf Jahre stattfindende documenta macht Kassel zur Welthauptstadt zeitgenössischer Kunst und verwandelt die Stadt in ein riesiges Open-Air-Museum."
33,Landgrafenkunst,Kassel – Bergpark Wilhelmshöhe,51.3116,9.4797,"Europas größter Hangpark mit Herkules-Statue und barocken Wasserspielen ist UNESCO-Welterbe und Zeugnis landgräflicher Gartenkunst."
34,Wartburgfest,Eisenach – Wartburg,50.9711,10.3277,"1817 forderten Studenten auf der Wartburg nationale Einheit und Freiheitsrechte. Die Burg ist auch durch Luthers Bibelübersetzung berühmt."
35,Lutherische Kirchenkunst,Erfurt – Dom,50.9848,11.0299,"Der gotische Erfurter Dom beherbergt die Gloriosa, größte freischwingende mittelalterliche Glocke. Hier wurde Martin Luther 1507 zum Priester geweiht."
36,Goethe,Weimar – Goethe-Haus,50.9795,11.329,"Goethes Wohnhaus zeigt originale Räume und Sammlungen des Dichters, der mit Schiller die Weimarer Klassik prägte."
37,Hyperinflation 1923,Weimar – DNT,50.9793,11.3292,"Die Geldentwertung der Weimarer Republik erreichte 1923 ihren Höhepunkt: Preise explodierten, Ersparnisse verfielen – ein Trauma deutscher Wirtschaftsgeschichte."
38,Rennsteig,Thüringer Wald – Rennsteig,50.5451,11.2147,"Der 170 km lange Rennsteig-Kammweg ist ältester Fernwanderweg Deutschlands und verbindet Kultur- und Naturlandschaften des Thüringer Waldes."
39,Glasmacherkunst,Lauscha – Glasbläserwerkstatt,50.5477,11.1681,"Lauscha gilt als Geburtsort der gläsernen Christbaumkugel. Seit 1597 pflegen Familienbetriebe hier die Kunst des Glasblasens."
40,Barockschloss,Coburg – Veste Coburg,50.2599,10.9644,"Die Veste Coburg, eine der größten Burgen Deutschlands, beherbergt Kunstsammlungen und war 1530 Luther-Fluchtort."
41,Biertradition,Kulmbach – Mönchshof,50.1011,11.438,"Kulmbach präsentiert im Bayerischen Brauereimuseum Starkbier- und Eisbock-Tradition und feiert jährlich die Bierwoche."
42,Biertradition2,Kulmbach – Brauerei,50.1011,11.438,"Fränkische Braukunst mit Reinheitsgebot: Kulmbacher Starkbiere genießen internationalen Ruf und prägen lokale Identität."
43,Markgrafenkunst,Bayreuth – Opernhaus,49.9487,11.576,"Das Markgräfliche Opernhaus (1748) ist ein vollständig erhaltenes Barocktheater und UNESCO-Welterbe – ein Juwel höfischer Festkultur."
44,Richard Wagner,Bayreuth – Festspielhaus,49.9451,11.5908,"Das 1876 eröffnete Festspielhaus, akustisch auf Wagners Musikdramen ausgelegt, zieht Opernliebhaber aus aller Welt zu den Bayreuther Festspielen."
45,Fränkische Schweiz,Pottenstein – Teufelshöhle,49.7631,11.4062,"Die zerklüftete Karstlandschaft mit Tropfsteinhöhlen und Burgruinen ist seit dem 19. Jh. ein beliebtes Wander- und Klettergebiet."
46,UNESCO-Altstadt,Bamberg – Altstadt,49.8917,10.8852,"Bambergs sieben-hügelige Altstadt mit romanischem Dom und Rathaus in der Regnitz gilt als größtes unzerstörtes historisches Stadtbild Deutschlands."
47,Weihnachtsmarkt,Nürnberg – Hauptmarkt,49.4542,11.0773,"Der Nürnberger Christkindlesmarkt, seit dem 16. Jh. belegt, lockt mit Lebkuchen und Holzspielzeug jährlich zwei Millionen Besucher."
48,Holocaust-Dokumentation,Nürnberg – Memorium,49.4528,11.078,"Das Memorium Nürnberger Prozesse erinnert in Saal 600 an die juristische Aufarbeitung der NS-Verbrechen und die Geburtsstunde des Völkerstrafrechts."
49,Bier Reinheitsgebot,Ingolstadt – Herzogskasten,48.765,11.4257,"1516 verkündeten bayerische Herzöge in Ingolstadt das Reinheitsgebot: Bier darf nur aus Wasser, Gerste, Hopfen bestehen – älteste Lebensmittelvorschrift der Welt."
50,Fußball Allianz Arena,München – Allianz Arena,48.2188,11.6247,"Die 2005 eröffnete Allianz Arena mit licht­durch­lässiger Außenhaut ist Heim des FC Bayern und eines der markantesten Stadien Europas."
51,Olympia 1972,München – Olympiapark,48.174,11.546,"Die Spiele von 1972 setzten mit ihrer Zeltdach-Architektur neue Maßstäbe; das Attentat auf die israelische Mannschaft prägte die Erinnerung an das moderne Areal."
52,Sophie Scholl,München – LMU,48.15,11.58,"Sophie Scholl verteilte 1943 Flugblätter der „Weißen Rose“ an der LMU. Heute mahnen Gedenktafeln an ihren mutigen Widerstand gegen das NS-Regime."
53,Oktoberfest,München – Theresienwiese,48.1312,11.5497,"Seit 1810 feiert München das Oktoberfest. Riesige Bierzelte, Fahrgeschäfte und Trachten ziehen jährlich Millionen Besucher an."
54,Schloss Neuschwanstein,Schwangau – Neuschwanstein,47.5576,10.7498,"König Ludwigs Märchenschloss (ab 1869) verkörpert romantischen Historismus in alpiner Kulisse und diente als Vorbild für das Disney-Schloss."
55,Zeppelinflug 1900,Friedrichshafen – Zeppelin Museum,47.6514,9.478,"Hier startete 1900 der erste Zeppelin der Welt. Das Museum zeigt Exponate zur Luftschiffära, darunter ein Teilstück der „Hindenburg“."
56,Albert Einstein,Ulm – Einstein-Brunnen,48.4011,9.9876,"Albert Einstein, 1879 in Ulm geboren, revolutionierte mit Relativitäts- und Quantentheorie die Physik. Der Brunnen erinnert an das Genie."
57,Cannstatter Wasen,Stuttgart – Wasen,48.7904,9.2183,"Das Cannstatter Volksfest (seit 1818) ist nach dem Oktoberfest das zweitgrößte deutsche Bier- und Volksfest und zieht jährlich rund vier Millionen Gäste an."
58,Heidelberg – Schloss,Heidelberg – Schloss,49.4106,8.7151,"Die romantische Schlossruine über dem Neckar war Residenz der Kurfürsten. Ihre Renaissance-Fassaden und das Große Fass begeisterten schon Goethe."
59,Carl Benz,Mannheim – Carl-Benz-Haus,49.4875,8.466,"Carl Benz baute 1885/86 in Mannheim den ersten praxistauglichen Motorwagen. Bertha Benz’ erste Fernfahrt bewies seine Alltagstauglichkeit."
60,Barocke Stadt,Würzburg – Residenz,49.7913,9.9534,"Die Würzburger Residenz (1720–1744) mit Tiepolo-Fresko und Spiegelsaal gilt als Hauptwerk des süddeutschen Barock und ist UNESCO-Welterbe."
61,Schwarzwälder Kirschtorte,Triberg – Café Schäfer,48.1275,8.2364,"Im Schwarzwald entstand die Sahne-Schokoladen-Kirschtorte mit Kirschwasser. Das Café Schäfer serviert sie nach historischem Rezept."
62,Aachener Dom,Aachen – Dom,50.7753,6.0839,"Karls Pfalzkapelle (8./9. Jh.) und gotischer Chor sind erstes deutsches UNESCO-Welterbe. Über 30 deutsche Könige wurden hier gekrönt."
63,UNESCO Dombezirk,Aachen – Dombezirk,50.776,6.0839,"Der Aachener Domschatz mit Karlsschrein und Marienschrein zählt zu den bedeutendsten Kirchenschätzen Europas und ergänzt den Weltkulturerbe-Dom."
64,Lutherstadt,Eisleben – Gedenkstätten,51.5281,11.5487,"Luthers Geburts- und Sterbehäuser in Eisleben sind UNESCO-Welterbe und dokumentieren Leben und Wirkung des Reformators."
65,Architektur­moderne,Dessau – Meisterhäuser,51.8349,12.2424,"Die Meisterhäuser (1925/26) von Gropius für Bauhaus-Lehrer wie Kandinsky repräsentieren funktionale Bauhaus-Architektur im Originalzustand."
66,Bauhaus-Gründung,Dessau – Bauhaus,51.8367,12.2428,"Das Bauhausgebäude (1926) mit Glasfassade steht für die Verschmelzung von Kunst, Handwerk und Industrie – ein Meilenstein der Moderne."
67,Reformation,Lutherstadt Wittenberg – Schlosskirche,51.8661,12.6477,"Luthers 95 Thesen von 1517 an der Schlosskirche lösten die Reformation aus und veränderten Kirche und Gesellschaft nachhaltig."
68,Jazzfest,Leipzig – Moritzbastei,51.3393,12.3747,"Die Leipziger Jazztage (seit 1976) holen internationale Jazzgrößen in historische Spielstätten wie die unterirdische Moritzbastei."
69,Johann Sebastian Bach,Leipzig – Bach-Museum,51.3388,12.3723,"Bach wirkte ab 1723 als Thomaskantor in Leipzig. Das Museum zeigt Handschriften und Instrumente des Barockkomponisten."
70,Völkerschlacht 1813,Leipzig – Denkmal,51.3128,12.4134,"Das 91 Meter hohe Völkerschlachtdenkmal erinnert an Napoleons Niederlage in der größten Schlacht vor dem Ersten Weltkrieg."
71,Meißen Porzellan,Meißen – Porzellanmuseum,51.1642,13.4827,"1710 entstand in Meißen das erste europäische Hartporzellan. Das Museum zeigt Meisterstücke mit den gekreuzten Schwertern."
72,Forschung & Flug,Berlin – Dt. Technikmuseum,52.3948,13.0644,"Das Technikmuseum präsentiert Lokomotiven, Schiffe und einen „Rosinenbomber“ auf dem Dach – Technikgeschichte zum Anfassen."
73,Preußische Pracht,Potsdam – Schloss Sanssouci,52.3969,13.0586,"Friedrich der Große ließ Sanssouci (1747) als Rokoko-Sommerresidenz über Weinbergterrassen erbauen; Park und Schlösser sind UNESCO-Welterbe."
74,Filmgeschichte,Potsdam – Filmpark Babelsberg,52.4039,13.0682,"Die Babelsberger Studios (ab 1912) sind Wiege des deutschen Films. Der Filmpark gewährt Einblicke in Kulissen, Stunts und Tricktechnik."
75,Berliner Luftbrücke,Berlin – Tempelhof,52.4731,13.403,"1948/49 versorgten Rosinenbomber den blockierten Westteil der Stadt über den Flughafen Tempelhof – ein Symbol westlicher Solidarität."
76,Kalter Krieg,Berlin – Checkpoint Charlie,52.5076,13.3904,"Der bekannteste Berliner Grenzübergang war Schauplatz brisanter Panzerkonfrontationen zwischen USA und UdSSR im Oktober 1961."
77,Hauptstadtgeschichte,Berlin – Brandenburger Tor,52.5163,13.3777,"Das klassizistische Tor (1791) stand bis 1989 an der Mauer und wurde nach dem Fall zum Symbol der deutschen Einheit."
78,Techno-Kultur,Berlin – Berghain,52.5114,13.439,"Der Club Berghain in einem ehemaligen Kraftwerk gilt als Mekka des Techno: kompromisslose Türpolitik und erstklassiger Sound erzeugen Kultstatus."
79,Mauerfall,Berlin – East Side Gallery,52.5045,13.4408,"Die bemalten 1,3 km Mauerreste zeigen über 100 Murals, die Freude über die friedliche Revolution von 1989 ausdrücken."
80,Parklandschaft,Fürstenberg/Havel – Schloss,53.125,13.093,"Schloss Fürstenberg liegt in einer seen- und waldreichen Parklandschaft Nordbrandenburgs und spiegelt adlige Kultur in naturnaher Umgebung."
81,Brandenburgische Seen,Rheinsberg – Schloss,53.0913,12.9084,"Schloss Rheinsberg am Grienericksee, einst Residenz Friedrichs des Großen, repräsentiert die idyllischen Seen des Ruppiner Landes."
82,Müritzeum,Waren – Müritzeum,53.5211,12.6801,"Deutschlands größtes Süßwasseraquarium informiert im Müritzeum über Flora und Fauna der Mecklenburgischen Seenplatte."
83,Hafengeschichte,Rostock – Alter Strom,54.0865,12.1095,"Warnemündes Alter Strom zeigt mit Fischerbooten und Kapitänshäusern die maritime Tradition der Hansestadt Rostock."
84,Fischerdorf,Ahrenshoop – Künstlerkolonie,54.3996,12.4539,"Das ehemalige Fischerdorf Ahrenshoop wurde ab 1890 zur Künstlerkolonie; Reetdächer und Ostseelicht inspirieren Maler bis heute."
85,Stadterhebung,Stralsund – Altstadt,54.3126,13.0929,"Stralsunds Backsteingotik-Altstadt erhielt 1234 Stadtrecht; als Hanse-Hafen ist sie zusammen mit Wismar UNESCO-Welterbe."
86,Backsteingotik,Greifswald – Dom,54.0924,13.4022,"Der Dom St. Nikolai (13. Jh.) dominiert Greifswalds Silhouette und verkörpert norddeutsche Backsteingotik und Hanse-Reichtum."
87,Nationalpark Jasmund,Rügen – Kreideküste,54.5406,13.5747,"Die weißen Kreidefelsen und alten Buchenwälder des Nationalparks Jasmund sind UNESCO-Weltnaturerbe und Inspiration romantischer Maler."
88,Kaiserbäder Usedom,Usedom – Kaiserbäder,54.0536,14.2743,"Ahlbeck, Heringsdorf, Bansin lockten seit 1900 mit Seebrücken und Bäderarchitektur das Berliner Bürgertum an die Ostsee."
89,UNESCO-Altstadt Wismar,Wismar – Altstadt,53.8923,11.4628,"Giebelhäuser, Wasserkunst und Backsteinkirchen bezeugen Wismars Hanse-Vergangenheit und machten die Altstadt zum Weltkulturerbe."
90,Schwerin – Schloss,Schwerin – Schloss,53.6294,11.4154,"Das romantische Insel-Schloss mit Türmen und goldenem Turmhelm ist Sitz des Landtags Mecklenburg-Vorpommerns und ein Märchenmotiv."
91,Backsteingotik Ost,Lübeck – Holstentor,53.8683,10.6873,"Das spätgotische Holstentor (1464–1478) mit Zwillings­türmen ist Lübecks Wahrzeichen und erinnert an die Blüte der Hanse."
92,St. Michaelis,Hamburg – Michel,53.5496,9.9882,"Der barocke Michel mit 132 m Turm bietet Seefahrern Orientierung und Hamburgern ein identitätsstiftendes Wahrzeichen."
93,Elbphilharmonie,Hamburg – Elbphilharmonie,53.5411,9.9847,"Das 2017 eröffnete Konzerthaus kombiniert modernen Glaswellenbau auf historischem Kaispeicher und setzt akustische Maßstäbe."
94,Hafengeburtstag,Hamburg – Landungsbrücken,53.5462,9.9667,"Europas größtes Hafenfest feiert seit 1189 die Hamburger Schifffahrt mit Ein- und Auslaufparaden von Segel- bis Kreuzfahrtschiffen."
95,Reeperbahn,Hamburg – St. Pauli,53.5503,9.9668,"St. Paulis Reeperbahn ist weltberühmtes Vergnügungs- und Rotlichtviertel, wo in den 1960ern die Beatles ihren Durchbruch hatten."
96,Handball THW Kiel,Kiel – Wunderino Arena,54.3215,10.131,"THW Kiel, vielfacher deutscher und Champions-League-Sieger, sorgt in der Wunderino Arena für Handball-Atmosphäre auf Weltklasseniveau."
97,Kieler Woche,Kiel – Hörn,54.3233,10.139,"Seit 1882 ist die Kieler Woche das größte Segelereignis der Welt; Regatten und maritimes Volksfest beleben eine Woche lang die Förde."
98,Max Planck,Kiel – Max-Planck-Schule,54.3433,10.1247,"Der in Kiel geborene Physiker Max Planck (1858–1947) begründete mit seiner Quantentheorie die moderne Physik."
99,Sylt Strandkultur,Westerland – Strandpromenade,54.9063,8.3028,"Sylt vereint Kurtradition, endlose Sandstrände und Prominentenflair; Strandkörbe und Reetdörfer prägen Deutschlands bekannteste Nordseeinsel."
100,Moderne Kunst,Magdeburg – Kunstmuseum,52.1317,11.6394,"Das Kunstmuseum im Kloster Unser Lieben Frauen verbindet romanische Architektur mit internationaler Gegenwartskunst – Symbol des modernen Magdeburg."
